marginalDistribution,marginalDistribution_ce
0.0752407100384142,0.0730179304385396
0.077525052300529,0.0585439619788291
0.173225795869924,0.181680708576366
0.174929844276449,0.153380859796932
0.169244389036337,0.171311298336574
0.168637343062182,0.180600561676388
0.161196865416164,0.181464679196371
