marginalDistribution,marginalDistribution_ce
0.183079936542979,0.169151004536617
0.167195065602691,0.154677036076906
0.123041623406928,0.113847483257723
0.161131553652965,0.172391445236552
0.157930989814466,0.185137178656297
0.0322983121284567,0.027651760639447
0.0323750122499398,0.0315402894793692
0.0344486087653742,0.0384532296392309
0.0741610354198114,0.0760423417584792
0.0343378624163889,0.0311082307193778
